id_usager_source,id_film_cible,date_visionnage
328,19,2025-10-30T15:12:32Z
771,107,2025-10-12T15:12:32Z
972,228,2025-10-31T15:12:32Z
487,263,2025-06-20T15:12:32Z
466,295,2025-08-12T15:12:32Z
331,93,2025-06-18T15:12:32Z
222,199,2025-07-24T15:12:32Z
608,213,2025-06-30T15:12:32Z
475,105,2025-05-12T15:12:32Z
670,34,2025-09-03T15:12:32Z
503,144,2025-07-14T15:12:32Z
298,106,2025-08-14T15:12:32Z
992,33,2025-09-17T15:12:32Z
397,17,2025-08-02T15:12:32Z
349,101,2025-07-03T15:12:32Z
104,278,2025-10-02T15:12:32Z
25,62,2025-07-02T15:12:32Z
22,135,2025-05-13T15:12:32Z
429,35,2025-10-29T15:12:32Z
69,118,2025-10-15T15:12:32Z
487,60,2025-06-30T15:12:32Z
124,34,2025-09-26T15:12:32Z
457,8,2025-08-03T15:12:32Z
995,202,2025-06-10T15:12:32Z
238,106,2025-09-30T15:12:32Z
12,31,2025-10-22T15:12:32Z
538,196,2025-06-10T15:12:32Z
328,125,2025-07-07T15:12:32Z
490,263,2025-09-13T15:12:32Z
649,223,2025-10-19T15:12:32Z
149,104,2025-07-07T15:12:32Z
169,201,2025-05-30T15:12:32Z
961,262,2025-08-31T15:12:32Z
44,139,2025-07-28T15:12:32Z
401,84,2025-06-04T15:12:32Z
491,288,2025-06-29T15:12:32Z
248,241,2025-06-26T15:12:32Z
444,233,2025-10-30T15:12:32Z
722,260,2025-05-26T15:12:32Z
288,35,2025-05-24T15:12:32Z
857,233,2025-06-05T15:12:32Z
524,249,2025-07-31T15:12:32Z
946,103,2025-06-06T15:12:32Z
481,34,2025-10-14T15:12:32Z
530,212,2025-05-29T15:12:32Z
957,232,2025-08-25T15:12:32Z
950,90,2025-09-06T15:12:32Z
197,208,2025-06-27T15:12:32Z
613,214,2025-05-19T15:12:32Z
822,63,2025-09-19T15:12:32Z
567,67,2025-09-15T15:12:32Z
178,19,2025-08-24T15:12:32Z
188,214,2025-08-03T15:12:32Z
955,236,2025-07-12T15:12:32Z
621,179,2025-09-03T15:12:32Z
403,102,2025-10-20T15:12:32Z
466,150,2025-06-10T15:12:32Z
431,16,2025-08-30T15:12:32Z
610,127,2025-07-08T15:12:32Z
144,202,2025-10-06T15:12:32Z
43,153,2025-08-27T15:12:32Z
131,232,2025-05-15T15:12:32Z
62,246,2025-10-09T15:12:32Z
292,265,2025-09-06T15:12:32Z
770,145,2025-06-18T15:12:32Z
24,173,2025-06-10T15:12:32Z
826,105,2025-09-15T15:12:32Z
94,13,2025-06-02T15:12:32Z
829,233,2025-10-06T15:12:32Z
227,76,2025-07-12T15:12:32Z
287,85,2025-11-06T15:12:32Z
594,152,2025-07-31T15:12:32Z
868,203,2025-07-25T15:12:32Z
757,89,2025-06-02T15:12:32Z
784,160,2025-09-15T15:12:32Z
448,132,2025-08-11T15:12:32Z
631,291,2025-07-16T15:12:32Z
721,39,2025-06-06T15:12:32Z
173,239,2025-09-14T15:12:32Z
281,72,2025-08-24T15:12:32Z
615,296,2025-10-31T15:12:32Z
661,149,2025-07-14T15:12:32Z
586,21,2025-08-06T15:12:32Z
742,155,2025-07-21T15:12:32Z
235,128,2025-08-05T15:12:32Z
491,192,2025-09-24T15:12:32Z
614,27,2025-09-17T15:12:32Z
50,263,2025-10-14T15:12:32Z
631,293,2025-10-25T15:12:32Z
464,182,2025-08-23T15:12:32Z
892,267,2025-09-09T15:12:32Z
69,139,2025-10-14T15:12:32Z
296,171,2025-07-09T15:12:32Z
242,203,2025-09-17T15:12:32Z
792,205,2025-08-30T15:12:32Z
128,124,2025-06-18T15:12:32Z
157,50,2025-09-20T15:12:32Z
876,96,2025-08-29T15:12:32Z
517,244,2025-07-29T15:12:32Z
160,244,2025-09-06T15:12:32Z
588,144,2025-07-11T15:12:32Z
731,226,2025-09-26T15:12:32Z
69,114,2025-10-03T15:12:32Z
819,254,2025-05-17T15:12:32Z
744,160,2025-06-25T15:12:32Z
363,6,2025-06-12T15:12:32Z
770,72,2025-06-25T15:12:32Z
516,113,2025-10-05T15:12:32Z
615,229,2025-08-22T15:12:32Z
385,154,2025-08-03T15:12:32Z
769,15,2025-09-12T15:12:32Z
461,229,2025-10-02T15:12:32Z
251,44,2025-11-02T15:12:32Z
259,165,2025-07-27T15:12:32Z
904,20,2025-07-11T15:12:32Z
971,151,2025-05-27T15:12:32Z
384,275,2025-08-09T15:12:32Z
80,147,2025-08-23T15:12:32Z
489,162,2025-07-07T15:12:32Z
318,13,2025-09-25T15:12:32Z
763,83,2025-08-29T15:12:32Z
646,77,2025-08-03T15:12:32Z
818,201,2025-07-12T15:12:32Z
377,284,2025-06-27T15:12:32Z
444,297,2025-10-28T15:12:32Z
519,201,2025-09-28T15:12:32Z
339,239,2025-05-28T15:12:32Z
96,8,2025-07-31T15:12:32Z
46,111,2025-11-03T15:12:32Z
429,37,2025-09-18T15:12:32Z
438,173,2025-06-14T15:12:32Z
68,3,2025-10-28T15:12:32Z
225,201,2025-09-25T15:12:32Z
117,22,2025-05-19T15:12:32Z
872,33,2025-09-01T15:12:32Z
647,181,2025-06-25T15:12:32Z
699,19,2025-06-07T15:12:32Z
835,110,2025-07-18T15:12:32Z
308,272,2025-07-26T15:12:32Z
821,271,2025-10-10T15:12:32Z
865,101,2025-09-04T15:12:32Z
715,200,2025-06-30T15:12:32Z
430,50,2025-08-14T15:12:32Z
639,33,2025-05-21T15:12:32Z
447,166,2025-07-19T15:12:32Z
342,87,2025-10-07T15:12:32Z
951,146,2025-06-09T15:12:32Z
294,129,2025-06-03T15:12:32Z
613,275,2025-06-08T15:12:32Z
85,230,2025-11-04T15:12:32Z
919,43,2025-05-12T15:12:32Z
483,5,2025-10-29T15:12:32Z
696,98,2025-05-20T15:12:32Z
915,117,2025-08-14T15:12:32Z
41,257,2025-11-06T15:12:32Z
919,109,2025-07-04T15:12:32Z
631,191,2025-10-19T15:12:32Z
67,45,2025-06-04T15:12:32Z
659,241,2025-10-13T15:12:32Z
33,282,2025-08-12T15:12:32Z
830,257,2025-08-07T15:12:32Z
301,208,2025-07-22T15:12:32Z
683,281,2025-09-14T15:12:32Z
38,33,2025-10-22T15:12:32Z
111,98,2025-10-05T15:12:32Z
789,281,2025-05-14T15:12:32Z
446,277,2025-10-06T15:12:32Z
747,193,2025-08-21T15:12:32Z
918,55,2025-05-23T15:12:32Z
197,31,2025-10-21T15:12:32Z
399,171,2025-07-02T15:12:32Z
461,145,2025-08-15T15:12:32Z
675,118,2025-06-14T15:12:32Z
8,194,2025-09-03T15:12:32Z
152,77,2025-10-02T15:12:32Z
981,95,2025-09-16T15:12:32Z
790,103,2025-05-29T15:12:32Z
346,25,2025-10-11T15:12:32Z
207,122,2025-09-30T15:12:32Z
281,192,2025-07-29T15:12:32Z
446,8,2025-07-13T15:12:32Z
298,161,2025-07-13T15:12:32Z
418,57,2025-05-30T15:12:32Z
486,184,2025-07-11T15:12:32Z
237,223,2025-06-08T15:12:32Z
913,100,2025-09-09T15:12:32Z
405,178,2025-11-05T15:12:32Z
975,90,2025-09-06T15:12:32Z
982,132,2025-08-28T15:12:32Z
17,104,2025-05-27T15:12:32Z
509,143,2025-09-13T15:12:32Z
799,289,2025-09-07T15:12:32Z
575,21,2025-09-22T15:12:32Z
702,51,2025-10-17T15:12:32Z
22,276,2025-10-04T15:12:32Z
174,190,2025-05-19T15:12:32Z
209,129,2025-08-06T15:12:32Z
556,281,2025-05-27T15:12:32Z
874,222,2025-09-06T15:12:32Z
989,235,2025-10-08T15:12:32Z
513,222,2025-07-10T15:12:32Z
805,266,2025-08-07T15:12:32Z
398,128,2025-06-20T15:12:32Z
933,59,2025-10-15T15:12:32Z
150,33,2025-09-26T15:12:32Z
199,31,2025-05-29T15:12:32Z
812,22,2025-10-11T15:12:32Z
218,63,2025-09-19T15:12:32Z
1000,205,2025-05-22T15:12:32Z
571,103,2025-07-30T15:12:32Z
922,16,2025-10-28T15:12:32Z
364,121,2025-05-20T15:12:32Z
426,145,2025-08-18T15:12:32Z
138,261,2025-06-07T15:12:32Z
608,206,2025-07-08T15:12:32Z
123,108,2025-10-29T15:12:32Z
252,165,2025-06-22T15:12:32Z
880,104,2025-10-23T15:12:32Z
713,125,2025-08-01T15:12:32Z
349,272,2025-10-18T15:12:32Z
77,15,2025-08-20T15:12:32Z
27,69,2025-08-15T15:12:32Z
954,34,2025-06-05T15:12:32Z
117,101,2025-08-31T15:12:32Z
188,50,2025-09-13T15:12:32Z
51,120,2025-08-19T15:12:32Z
935,160,2025-06-19T15:12:32Z
305,183,2025-05-22T15:12:32Z
320,109,2025-10-14T15:12:32Z
141,146,2025-10-13T15:12:32Z
110,9,2025-10-27T15:12:32Z
555,75,2025-08-31T15:12:32Z
84,159,2025-09-24T15:12:32Z
646,103,2025-07-09T15:12:32Z
174,156,2025-09-06T15:12:32Z
698,12,2025-08-29T15:12:32Z
505,150,2025-09-07T15:12:32Z
198,19,2025-08-24T15:12:32Z
933,87,2025-08-25T15:12:32Z
724,5,2025-09-02T15:12:32Z
118,4,2025-06-08T15:12:32Z
591,213,2025-05-26T15:12:32Z
136,159,2025-09-08T15:12:32Z
749,130,2025-05-15T15:12:32Z
983,260,2025-06-12T15:12:32Z
850,286,2025-07-24T15:12:32Z
148,188,2025-05-25T15:12:32Z
333,16,2025-08-02T15:12:32Z
455,252,2025-05-28T15:12:32Z
193,27,2025-07-04T15:12:32Z
51,157,2025-11-06T15:12:32Z
801,183,2025-07-12T15:12:32Z
114,91,2025-10-01T15:12:32Z
788,128,2025-07-08T15:12:32Z
601,196,2025-08-09T15:12:32Z
206,195,2025-07-07T15:12:32Z
165,233,2025-09-11T15:12:32Z
800,54,2025-05-25T15:12:32Z
522,162,2025-10-09T15:12:32Z
261,134,2025-08-29T15:12:32Z
819,99,2025-07-26T15:12:32Z
248,163,2025-09-03T15:12:32Z
877,84,2025-06-12T15:12:32Z
643,139,2025-06-24T15:12:32Z
787,129,2025-07-22T15:12:32Z
199,277,2025-10-10T15:12:32Z
258,127,2025-06-09T15:12:32Z
578,256,2025-10-13T15:12:32Z
912,7,2025-08-15T15:12:32Z
483,212,2025-06-23T15:12:32Z
981,137,2025-11-02T15:12:32Z
918,256,2025-09-08T15:12:32Z
479,40,2025-06-23T15:12:32Z
106,226,2025-07-17T15:12:32Z
224,64,2025-10-13T15:12:32Z
124,81,2025-05-26T15:12:32Z
96,55,2025-09-07T15:12:32Z
811,165,2025-06-22T15:12:32Z
46,144,2025-05-14T15:12:32Z
949,23,2025-09-12T15:12:32Z
91,143,2025-06-10T15:12:32Z
1,266,2025-05-12T15:12:32Z
570,200,2025-10-31T15:12:32Z
22,23,2025-09-18T15:12:32Z
756,124,2025-09-22T15:12:32Z
136,13,2025-07-12T15:12:32Z
634,110,2025-10-29T15:12:32Z
376,33,2025-05-15T15:12:32Z
854,186,2025-07-08T15:12:32Z
36,178,2025-09-23T15:12:32Z
87,195,2025-09-13T15:12:32Z
446,195,2025-05-11T15:12:32Z
731,19,2025-05-17T15:12:32Z
338,22,2025-09-27T15:12:32Z
677,212,2025-09-12T15:12:32Z
177,127,2025-07-16T15:12:32Z
949,63,2025-09-17T15:12:32Z
477,186,2025-06-11T15:12:32Z
923,156,2025-09-09T15:12:32Z
574,289,2025-07-28T15:12:32Z
730,192,2025-10-24T15:12:32Z
819,120,2025-09-06T15:12:32Z
879,162,2025-06-20T15:12:32Z
552,145,2025-10-16T15:12:32Z
266,294,2025-08-13T15:12:32Z
46,291,2025-07-04T15:12:32Z
144,42,2025-05-12T15:12:32Z
640,98,2025-10-19T15:12:32Z
83,248,2025-07-12T15:12:32Z
31,7,2025-11-04T15:12:32Z
884,73,2025-10-16T15:12:32Z
84,22,2025-05-14T15:12:32Z
450,200,2025-05-25T15:12:32Z
737,74,2025-08-08T15:12:32Z
814,132,2025-05-25T15:12:32Z
164,197,2025-06-20T15:12:32Z
553,75,2025-08-25T15:12:32Z
155,237,2025-08-25T15:12:32Z
322,114,2025-07-09T15:12:32Z
27,241,2025-06-06T15:12:32Z
908,201,2025-08-02T15:12:32Z
371,270,2025-08-28T15:12:32Z
577,239,2025-09-07T15:12:32Z
524,233,2025-08-16T15:12:32Z
318,85,2025-06-12T15:12:32Z
732,14,2025-05-30T15:12:32Z
247,48,2025-06-05T15:12:32Z
472,80,2025-08-08T15:12:32Z
190,236,2025-10-21T15:12:32Z
951,132,2025-07-29T15:12:32Z
912,44,2025-06-24T15:12:32Z
986,190,2025-06-19T15:12:32Z
902,87,2025-06-27T15:12:32Z
542,150,2025-07-27T15:12:32Z
145,198,2025-06-01T15:12:32Z
535,275,2025-05-25T15:12:32Z
418,232,2025-09-27T15:12:32Z
378,174,2025-07-19T15:12:32Z
85,169,2025-10-27T15:12:32Z
161,22,2025-08-03T15:12:32Z
192,114,2025-09-09T15:12:32Z
557,229,2025-08-23T15:12:32Z
685,71,2025-07-09T15:12:32Z
884,271,2025-06-28T15:12:32Z
518,278,2025-09-10T15:12:32Z
570,145,2025-06-27T15:12:32Z
743,167,2025-07-10T15:12:32Z
690,183,2025-10-28T15:12:32Z
874,167,2025-09-06T15:12:32Z
994,54,2025-09-18T15:12:32Z
905,186,2025-07-28T15:12:32Z
826,120,2025-10-14T15:12:32Z
539,206,2025-10-06T15:12:32Z
247,15,2025-10-14T15:12:32Z
222,43,2025-07-26T15:12:32Z
904,105,2025-10-29T15:12:32Z
509,192,2025-07-30T15:12:32Z
798,76,2025-06-25T15:12:32Z
934,30,2025-09-14T15:12:32Z
601,83,2025-08-13T15:12:32Z
131,196,2025-06-25T15:12:32Z
705,150,2025-08-13T15:12:32Z
271,266,2025-06-07T15:12:32Z
939,100,2025-06-01T15:12:32Z
625,12,2025-10-03T15:12:32Z
319,237,2025-10-19T15:12:32Z
655,170,2025-08-25T15:12:32Z
237,110,2025-06-24T15:12:32Z
601,77,2025-07-25T15:12:32Z
965,241,2025-06-04T15:12:32Z
246,229,2025-08-28T15:12:32Z
95,238,2025-10-28T15:12:32Z
134,82,2025-06-22T15:12:32Z
850,115,2025-05-29T15:12:32Z
244,7,2025-07-28T15:12:32Z
532,125,2025-10-08T15:12:32Z
962,57,2025-09-18T15:12:32Z
533,158,2025-08-06T15:12:32Z
838,270,2025-07-31T15:12:32Z
329,226,2025-10-12T15:12:32Z
261,77,2025-08-07T15:12:32Z
564,272,2025-07-18T15:12:32Z
435,291,2025-05-26T15:12:32Z
538,57,2025-08-24T15:12:32Z
248,278,2025-06-18T15:12:32Z
799,189,2025-08-11T15:12:32Z
755,81,2025-10-03T15:12:32Z
661,122,2025-06-02T15:12:32Z
684,35,2025-07-14T15:12:32Z
520,132,2025-06-15T15:12:32Z
293,297,2025-09-21T15:12:32Z
262,201,2025-09-25T15:12:32Z
639,191,2025-05-31T15:12:32Z
851,285,2025-05-26T15:12:32Z
92,209,2025-08-23T15:12:32Z
594,85,2025-05-27T15:12:32Z
151,159,2025-06-15T15:12:32Z
909,11,2025-06-14T15:12:32Z
977,37,2025-09-19T15:12:32Z
302,98,2025-07-19T15:12:32Z
418,157,2025-05-11T15:12:32Z
159,257,2025-05-27T15:12:32Z
996,105,2025-05-26T15:12:32Z
317,69,2025-09-09T15:12:32Z
687,32,2025-08-06T15:12:32Z
674,45,2025-11-02T15:12:32Z
919,6,2025-07-25T15:12:32Z
146,272,2025-06-03T15:12:32Z
824,217,2025-07-26T15:12:32Z
693,161,2025-07-18T15:12:32Z
392,102,2025-08-02T15:12:32Z
946,227,2025-11-03T15:12:32Z
101,128,2025-09-19T15:12:32Z
345,23,2025-09-03T15:12:32Z
409,221,2025-09-29T15:12:32Z
871,89,2025-08-29T15:12:32Z
853,83,2025-07-07T15:12:32Z
684,23,2025-07-18T15:12:32Z
57,184,2025-07-30T15:12:32Z
685,252,2025-06-03T15:12:32Z
50,74,2025-08-02T15:12:32Z
83,268,2025-05-29T15:12:32Z
56,195,2025-07-25T15:12:32Z
201,178,2025-07-16T15:12:32Z
52,135,2025-09-11T15:12:32Z
918,53,2025-07-17T15:12:32Z
167,31,2025-07-15T15:12:32Z
782,64,2025-05-19T15:12:32Z
20,99,2025-10-14T15:12:32Z
945,262,2025-10-25T15:12:32Z
717,256,2025-10-20T15:12:32Z
407,69,2025-05-18T15:12:32Z
204,207,2025-07-13T15:12:32Z
367,70,2025-09-16T15:12:32Z
479,195,2025-10-17T15:12:32Z
695,46,2025-10-17T15:12:32Z
116,296,2025-07-21T15:12:32Z
136,43,2025-07-03T15:12:32Z
125,278,2025-09-12T15:12:32Z
304,76,2025-08-31T15:12:32Z
886,35,2025-08-16T15:12:32Z
302,43,2025-10-26T15:12:32Z
442,296,2025-08-26T15:12:32Z
463,135,2025-05-16T15:12:32Z
482,46,2025-10-10T15:12:32Z
759,223,2025-05-20T15:12:32Z
15,233,2025-05-27T15:12:32Z
848,135,2025-10-11T15:12:32Z
953,67,2025-09-24T15:12:32Z
804,132,2025-07-17T15:12:32Z
896,120,2025-09-05T15:12:32Z
182,57,2025-05-16T15:12:32Z
30,78,2025-09-09T15:12:32Z
505,69,2025-06-20T15:12:32Z
698,63,2025-07-13T15:12:32Z
882,63,2025-09-07T15:12:32Z
799,140,2025-11-03T15:12:32Z
554,278,2025-10-16T15:12:32Z
230,18,2025-08-15T15:12:32Z
696,35,2025-11-03T15:12:32Z
960,189,2025-05-15T15:12:32Z
751,89,2025-06-26T15:12:32Z
585,226,2025-08-15T15:12:32Z
571,105,2025-06-23T15:12:32Z
441,129,2025-06-04T15:12:32Z
889,248,2025-09-27T15:12:32Z
818,181,2025-06-05T15:12:32Z
444,63,2025-05-13T15:12:32Z
306,245,2025-08-12T15:12:32Z
567,273,2025-05-25T15:12:32Z
642,200,2025-06-30T15:12:32Z
712,96,2025-10-14T15:12:32Z
917,129,2025-07-27T15:12:32Z
553,7,2025-10-31T15:12:32Z
282,200,2025-10-18T15:12:32Z
737,187,2025-07-03T15:12:32Z
555,4,2025-05-31T15:12:32Z
510,278,2025-10-04T15:12:32Z
506,7,2025-05-26T15:12:32Z
1,7,2025-05-26T15:12:32Z
378,137,2025-05-12T15:12:32Z
774,145,2025-08-01T15:12:32Z
583,210,2025-10-30T15:12:32Z
922,270,2025-09-22T15:12:32Z
275,178,2025-09-21T15:12:32Z
472,35,2025-07-29T15:12:32Z
191,82,2025-05-28T15:12:32Z
758,152,2025-08-30T15:12:32Z
888,95,2025-06-20T15:12:32Z
957,242,2025-08-11T15:12:32Z
701,247,2025-09-20T15:12:32Z
183,287,2025-07-30T15:12:32Z
414,105,2025-09-11T15:12:32Z
352,95,2025-06-04T15:12:32Z
229,35,2025-10-10T15:12:32Z
375,121,2025-05-25T15:12:32Z
973,10,2025-08-15T15:12:32Z
792,297,2025-09-01T15:12:32Z
644,208,2025-10-07T15:12:32Z
845,288,2025-10-18T15:12:32Z
936,289,2025-06-06T15:12:32Z
535,16,2025-06-11T15:12:32Z
89,100,2025-09-14T15:12:32Z
301,96,2025-10-10T15:12:32Z
110,29,2025-09-23T15:12:32Z
488,112,2025-10-13T15:12:32Z
872,189,2025-10-26T15:12:32Z
976,218,2025-05-12T15:12:32Z
291,33,2025-10-28T15:12:32Z
393,210,2025-06-24T15:12:32Z
713,227,2025-06-25T15:12:32Z
776,91,2025-11-05T15:12:32Z
865,129,2025-06-25T15:12:32Z
412,128,2025-10-02T15:12:32Z
829,214,2025-07-23T15:12:32Z
519,96,2025-07-14T15:12:32Z
884,79,2025-10-02T15:12:32Z
346,104,2025-06-21T15:12:32Z
988,118,2025-08-17T15:12:32Z
183,293,2025-10-05T15:12:32Z
991,158,2025-05-13T15:12:32Z
140,74,2025-10-27T15:12:32Z
382,214,2025-06-09T15:12:32Z
982,226,2025-10-04T15:12:32Z
819,278,2025-08-17T15:12:32Z
349,43,2025-10-29T15:12:32Z
569,128,2025-05-16T15:12:32Z
872,283,2025-06-25T15:12:32Z
148,6,2025-05-14T15:12:32Z
434,90,2025-05-27T15:12:32Z
659,6,2025-09-29T15:12:32Z
867,156,2025-09-25T15:12:32Z
215,293,2025-06-25T15:12:32Z
725,106,2025-10-10T15:12:32Z
130,184,2025-06-04T15:12:32Z
642,23,2025-05-31T15:12:32Z
907,25,2025-06-26T15:12:32Z
164,127,2025-06-18T15:12:32Z
170,152,2025-07-26T15:12:32Z
182,207,2025-08-09T15:12:32Z
765,194,2025-06-16T15:12:32Z
389,176,2025-06-13T15:12:32Z
146,96,2025-10-14T15:12:32Z
392,202,2025-09-06T15:12:32Z
563,148,2025-07-17T15:12:32Z
180,244,2025-07-12T15:12:32Z
807,174,2025-06-15T15:12:32Z
334,82,2025-09-23T15:12:32Z
759,63,2025-09-24T15:12:32Z
819,129,2025-05-22T15:12:32Z
656,234,2025-09-07T15:12:32Z
919,135,2025-08-15T15:12:32Z
809,150,2025-06-21T15:12:32Z
274,199,2025-10-06T15:12:32Z
755,223,2025-09-11T15:12:32Z
254,299,2025-06-13T15:12:32Z
592,176,2025-06-03T15:12:32Z
915,18,2025-06-05T15:12:32Z
450,97,2025-09-20T15:12:32Z
166,222,2025-08-14T15:12:32Z
778,243,2025-07-02T15:12:32Z
725,6,2025-10-02T15:12:32Z
249,235,2025-09-29T15:12:32Z
138,200,2025-07-28T15:12:32Z
562,153,2025-09-23T15:12:32Z
780,218,2025-07-04T15:12:32Z
532,229,2025-06-30T15:12:32Z
358,164,2025-05-13T15:12:32Z
684,33,2025-08-07T15:12:32Z
404,31,2025-10-27T15:12:32Z
242,198,2025-05-25T15:12:32Z
329,90,2025-07-12T15:12:32Z
977,72,2025-06-13T15:12:32Z
24,294,2025-05-26T15:12:32Z
680,128,2025-10-14T15:12:32Z
670,265,2025-09-18T15:12:32Z
934,8,2025-06-12T15:12:32Z
216,258,2025-07-02T15:12:32Z
408,147,2025-05-28T15:12:32Z
213,154,2025-10-07T15:12:32Z
420,217,2025-05-21T15:12:32Z
119,273,2025-08-01T15:12:32Z
43,155,2025-06-01T15:12:32Z
741,59,2025-05-21T15:12:32Z
955,163,2025-09-17T15:12:32Z
38,63,2025-06-13T15:12:32Z
214,214,2025-11-03T15:12:32Z
796,165,2025-10-11T15:12:32Z
181,280,2025-10-14T15:12:32Z
700,80,2025-05-30T15:12:32Z
591,26,2025-10-03T15:12:32Z
132,240,2025-06-08T15:12:32Z
991,98,2025-08-01T15:12:32Z
825,4,2025-05-20T15:12:32Z
798,213,2025-07-02T15:12:32Z
235,3,2025-10-07T15:12:32Z
958,125,2025-06-19T15:12:32Z
315,15,2025-09-13T15:12:32Z
910,233,2025-10-31T15:12:32Z
433,151,2025-08-06T15:12:32Z
571,119,2025-08-27T15:12:32Z
454,183,2025-07-19T15:12:32Z
423,68,2025-10-04T15:12:32Z
666,97,2025-08-11T15:12:32Z
848,137,2025-09-11T15:12:32Z
34,285,2025-10-22T15:12:32Z
930,134,2025-07-02T15:12:32Z
378,199,2025-08-20T15:12:32Z
605,173,2025-08-03T15:12:32Z
969,199,2025-09-03T15:12:32Z
857,125,2025-07-11T15:12:32Z
569,118,2025-10-07T15:12:32Z
40,102,2025-10-31T15:12:32Z
568,89,2025-10-12T15:12:32Z
501,279,2025-07-21T15:12:32Z
530,41,2025-05-19T15:12:32Z
607,88,2025-10-10T15:12:32Z
475,183,2025-09-17T15:12:32Z
105,201,2025-10-24T15:12:32Z
82,238,2025-08-25T15:12:32Z
504,253,2025-09-16T15:12:32Z
721,280,2025-10-31T15:12:32Z
358,90,2025-06-24T15:12:32Z
721,128,2025-06-07T15:12:32Z
124,33,2025-11-05T15:12:32Z
622,24,2025-09-27T15:12:32Z
859,178,2025-07-29T15:12:32Z
362,245,2025-10-21T15:12:32Z
717,45,2025-11-02T15:12:32Z
425,64,2025-10-12T15:12:32Z
774,74,2025-10-08T15:12:32Z
683,292,2025-10-06T15:12:32Z
21,98,2025-06-10T15:12:32Z
70,193,2025-05-11T15:12:32Z
588,233,2025-08-18T15:12:32Z
325,198,2025-10-27T15:12:32Z
39,252,2025-08-22T15:12:32Z
952,58,2025-06-04T15:12:32Z
664,103,2025-09-17T15:12:32Z
834,212,2025-08-01T15:12:32Z
105,6,2025-08-01T15:12:32Z
222,232,2025-08-25T15:12:32Z
492,291,2025-08-30T15:12:32Z
781,130,2025-07-18T15:12:32Z
686,57,2025-06-07T15:12:32Z
626,280,2025-11-03T15:12:32Z
170,214,2025-05-21T15:12:32Z
53,240,2025-07-12T15:12:32Z
109,105,2025-07-24T15:12:32Z
646,80,2025-10-13T15:12:32Z
241,259,2025-05-15T15:12:32Z
526,23,2025-06-30T15:12:32Z
460,220,2025-10-09T15:12:32Z
749,68,2025-07-01T15:12:32Z
32,206,2025-06-20T15:12:32Z
312,192,2025-10-02T15:12:32Z
970,199,2025-06-26T15:12:32Z
451,121,2025-08-03T15:12:32Z
177,250,2025-10-31T15:12:32Z
486,108,2025-07-08T15:12:32Z
863,191,2025-08-01T15:12:32Z
94,64,2025-09-27T15:12:32Z
811,235,2025-06-06T15:12:32Z
155,100,2025-07-29T15:12:32Z
681,273,2025-08-30T15:12:32Z
731,116,2025-09-01T15:12:32Z
810,270,2025-07-21T15:12:32Z
507,118,2025-05-26T15:12:32Z
691,282,2025-06-17T15:12:32Z
363,171,2025-07-12T15:12:32Z
187,46,2025-05-27T15:12:32Z
719,117,2025-06-03T15:12:32Z
738,159,2025-06-03T15:12:32Z
524,201,2025-09-29T15:12:32Z
575,223,2025-10-11T15:12:32Z
594,68,2025-05-29T15:12:32Z
129,248,2025-07-01T15:12:32Z
273,90,2025-07-27T15:12:32Z
629,112,2025-07-18T15:12:32Z
492,40,2025-06-25T15:12:32Z
436,211,2025-05-31T15:12:32Z
76,100,2025-10-09T15:12:32Z
367,159,2025-05-27T15:12:32Z
732,33,2025-10-10T15:12:32Z
916,77,2025-08-11T15:12:32Z
941,116,2025-08-16T15:12:32Z
341,58,2025-09-25T15:12:32Z
508,198,2025-08-31T15:12:32Z
326,134,2025-09-18T15:12:32Z
807,81,2025-07-23T15:12:32Z
774,249,2025-10-21T15:12:32Z
609,190,2025-06-13T15:12:32Z
560,111,2025-11-06T15:12:32Z
854,220,2025-09-30T15:12:32Z
278,173,2025-06-27T15:12:32Z
860,110,2025-05-31T15:12:32Z
970,185,2025-06-20T15:12:32Z
633,223,2025-05-12T15:12:32Z
714,43,2025-06-19T15:12:32Z
581,16,2025-05-14T15:12:32Z
336,279,2025-06-09T15:12:32Z
114,138,2025-06-02T15:12:32Z
60,18,2025-08-06T15:12:32Z
360,122,2025-10-19T15:12:32Z
233,183,2025-06-22T15:12:32Z
213,39,2025-08-18T15:12:32Z
103,78,2025-06-11T15:12:32Z
389,160,2025-11-05T15:12:32Z
309,242,2025-08-22T15:12:32Z
184,165,2025-08-23T15:12:32Z
699,206,2025-06-17T15:12:32Z
421,266,2025-08-15T15:12:32Z
15,189,2025-08-18T15:12:32Z
775,293,2025-08-11T15:12:32Z
462,121,2025-08-17T15:12:32Z
801,74,2025-06-04T15:12:32Z
878,146,2025-09-01T15:12:32Z
875,174,2025-07-22T15:12:32Z
112,151,2025-05-29T15:12:32Z
235,164,2025-11-04T15:12:32Z
165,128,2025-10-07T15:12:32Z
987,155,2025-07-20T15:12:32Z
711,274,2025-08-19T15:12:32Z
628,11,2025-07-30T15:12:32Z
288,55,2025-10-14T15:12:32Z
835,211,2025-06-23T15:12:32Z
62,19,2025-06-22T15:12:32Z
406,99,2025-07-03T15:12:32Z
201,78,2025-09-23T15:12:32Z
954,178,2025-08-29T15:12:32Z
812,78,2025-09-25T15:12:32Z
151,235,2025-09-25T15:12:32Z
235,169,2025-08-11T15:12:32Z
888,7,2025-10-25T15:12:32Z
378,35,2025-06-28T15:12:32Z
688,240,2025-05-13T15:12:32Z
900,91,2025-08-06T15:12:32Z
33,132,2025-09-02T15:12:32Z
668,285,2025-08-12T15:12:32Z
866,11,2025-10-09T15:12:32Z
958,149,2025-08-25T15:12:32Z
699,132,2025-10-16T15:12:32Z
783,46,2025-09-05T15:12:32Z
502,22,2025-10-30T15:12:32Z
552,29,2025-05-15T15:12:32Z
363,263,2025-05-23T15:12:32Z
622,205,2025-09-04T15:12:32Z
732,164,2025-10-29T15:12:32Z
333,117,2025-07-01T15:12:32Z
339,116,2025-08-20T15:12:32Z
528,103,2025-07-28T15:12:32Z
527,286,2025-07-21T15:12:32Z
261,268,2025-05-19T15:12:32Z
269,201,2025-10-24T15:12:32Z
901,31,2025-05-14T15:12:32Z
462,72,2025-10-10T15:12:32Z
247,155,2025-10-06T15:12:32Z
525,147,2025-06-22T15:12:32Z
594,196,2025-06-09T15:12:32Z
907,33,2025-10-22T15:12:32Z
593,277,2025-07-07T15:12:32Z
698,195,2025-09-03T15:12:32Z
883,274,2025-06-21T15:12:32Z
180,172,2025-10-04T15:12:32Z
665,32,2025-06-08T15:12:32Z
244,130,2025-10-11T15:12:32Z
512,196,2025-07-29T15:12:32Z
967,122,2025-09-14T15:12:32Z
888,144,2025-10-25T15:12:32Z
172,59,2025-10-06T15:12:32Z
190,51,2025-09-23T15:12:32Z
65,53,2025-07-31T15:12:32Z
47,115,2025-06-29T15:12:32Z
942,80,2025-07-31T15:12:32Z
838,259,2025-09-19T15:12:32Z
296,293,2025-09-07T15:12:32Z
951,297,2025-05-24T15:12:32Z
774,186,2025-07-06T15:12:32Z
657,102,2025-09-18T15:12:32Z
853,11,2025-10-29T15:12:32Z
469,53,2025-09-21T15:12:32Z
967,268,2025-06-09T15:12:32Z
340,230,2025-05-14T15:12:32Z
433,22,2025-10-14T15:12:32Z
939,34,2025-08-22T15:12:32Z
721,279,2025-08-26T15:12:32Z
332,220,2025-07-27T15:12:32Z
791,232,2025-07-09T15:12:32Z
377,51,2025-09-18T15:12:32Z
302,29,2025-10-01T15:12:32Z
579,16,2025-07-26T15:12:32Z
804,214,2025-06-24T15:12:32Z
569,203,2025-05-28T15:12:32Z
699,254,2025-06-02T15:12:32Z
823,34,2025-07-20T15:12:32Z
584,240,2025-08-02T15:12:32Z
130,135,2025-10-15T15:12:32Z
466,257,2025-06-12T15:12:32Z
390,251,2025-08-21T15:12:32Z
876,18,2025-06-13T15:12:32Z
803,227,2025-08-06T15:12:32Z
472,272,2025-07-13T15:12:32Z
500,293,2025-07-31T15:12:32Z
99,230,2025-05-18T15:12:32Z
149,162,2025-10-14T15:12:32Z
963,63,2025-07-18T15:12:32Z
618,47,2025-08-13T15:12:32Z
55,195,2025-08-05T15:12:32Z
844,118,2025-08-10T15:12:32Z
854,295,2025-08-17T15:12:32Z
3,158,2025-10-01T15:12:32Z
509,98,2025-06-12T15:12:32Z
65,139,2025-09-11T15:12:32Z
420,285,2025-10-24T15:12:32Z
286,59,2025-09-22T15:12:32Z
909,253,2025-11-05T15:12:32Z
668,19,2025-09-21T15:12:32Z
247,200,2025-10-03T15:12:32Z
399,226,2025-08-03T15:12:32Z
806,172,2025-06-16T15:12:32Z
94,172,2025-06-12T15:12:32Z
865,141,2025-10-10T15:12:32Z
323,262,2025-07-20T15:12:32Z
233,101,2025-10-24T15:12:32Z
45,18,2025-07-11T15:12:32Z
697,76,2025-11-05T15:12:32Z
928,185,2025-06-30T15:12:32Z
729,42,2025-05-12T15:12:32Z
817,47,2025-06-26T15:12:32Z
587,53,2025-07-24T15:12:32Z
286,188,2025-10-08T15:12:32Z
983,269,2025-06-28T15:12:32Z
208,262,2025-06-22T15:12:32Z
37,223,2025-08-13T15:12:32Z
680,179,2025-07-26T15:12:32Z
480,213,2025-09-13T15:12:32Z
449,85,2025-06-25T15:12:32Z
346,145,2025-07-22T15:12:32Z
559,240,2025-10-28T15:12:32Z
603,13,2025-09-11T15:12:32Z
913,169,2025-06-21T15:12:32Z
991,233,2025-08-17T15:12:32Z
416,74,2025-06-21T15:12:32Z
457,148,2025-08-28T15:12:32Z
460,85,2025-08-13T15:12:32Z
164,45,2025-06-15T15:12:32Z
609,28,2025-06-21T15:12:32Z
110,91,2025-07-03T15:12:32Z
683,80,2025-10-11T15:12:32Z
974,143,2025-10-12T15:12:32Z
98,16,2025-05-15T15:12:32Z
722,204,2025-05-16T15:12:32Z
173,55,2025-07-26T15:12:32Z
323,122,2025-05-12T15:12:32Z
1,55,2025-05-20T15:12:32Z
804,76,2025-08-07T15:12:32Z
11,177,2025-07-23T15:12:32Z
81,142,2025-10-09T15:12:32Z
929,139,2025-05-23T15:12:32Z
451,191,2025-08-12T15:12:32Z
979,116,2025-10-12T15:12:32Z
865,55,2025-07-11T15:12:32Z
726,283,2025-05-18T15:12:32Z
683,119,2025-10-25T15:12:32Z
981,293,2025-09-12T15:12:32Z
209,34,2025-10-07T15:12:32Z
961,158,2025-09-13T15:12:32Z
66,283,2025-06-21T15:12:32Z
979,295,2025-05-23T15:12:32Z
983,130,2025-08-07T15:12:32Z
932,148,2025-05-15T15:12:32Z
371,124,2025-10-19T15:12:32Z
584,296,2025-11-03T15:12:32Z
439,121,2025-10-22T15:12:32Z
489,165,2025-10-26T15:12:32Z
513,275,2025-05-13T15:12:32Z
679,75,2025-06-14T15:12:32Z
716,192,2025-09-10T15:12:32Z
470,86,2025-09-27T15:12:32Z
165,75,2025-11-04T15:12:32Z
321,296,2025-10-04T15:12:32Z
293,194,2025-07-12T15:12:32Z
63,97,2025-05-21T15:12:32Z
225,188,2025-08-20T15:12:32Z
16,221,2025-06-13T15:12:32Z
365,130,2025-11-05T15:12:32Z
936,84,2025-06-29T15:12:32Z
908,173,2025-10-15T15:12:32Z
814,84,2025-06-02T15:12:32Z
918,279,2025-07-13T15:12:32Z
809,206,2025-07-14T15:12:32Z
90,230,2025-06-08T15:12:32Z
320,124,2025-07-28T15:12:32Z
430,144,2025-11-04T15:12:32Z
469,120,2025-08-08T15:12:32Z
474,185,2025-10-31T15:12:32Z
930,4,2025-10-08T15:12:32Z
232,189,2025-11-05T15:12:32Z
102,253,2025-05-21T15:12:32Z
805,175,2025-06-26T15:12:32Z
703,9,2025-06-15T15:12:32Z
516,120,2025-09-13T15:12:32Z
564,81,2025-06-09T15:12:32Z
768,33,2025-05-14T15:12:32Z
721,79,2025-08-01T15:12:32Z
769,142,2025-09-07T15:12:32Z
69,69,2025-08-02T15:12:32Z
931,162,2025-07-07T15:12:32Z
283,272,2025-08-19T15:12:32Z
527,164,2025-09-24T15:12:32Z
2,33,2025-09-22T15:12:32Z
550,275,2025-05-30T15:12:32Z
139,114,2025-10-22T15:12:32Z
499,267,2025-05-23T15:12:32Z
766,175,2025-10-21T15:12:32Z
617,82,2025-05-11T15:12:32Z
131,41,2025-05-28T15:12:32Z
960,265,2025-09-11T15:12:32Z
735,174,2025-07-02T15:12:32Z
250,104,2025-09-18T15:12:32Z
516,174,2025-07-23T15:12:32Z
260,76,2025-09-17T15:12:32Z
353,167,2025-09-08T15:12:32Z
468,166,2025-08-07T15:12:32Z
626,164,2025-09-10T15:12:32Z
668,69,2025-06-06T15:12:32Z
481,230,2025-08-02T15:12:32Z
882,109,2025-06-10T15:12:32Z
123,75,2025-08-31T15:12:32Z
841,160,2025-10-20T15:12:32Z
155,33,2025-10-17T15:12:32Z
430,126,2025-11-03T15:12:32Z
571,75,2025-07-23T15:12:32Z
977,218,2025-07-31T15:12:32Z
87,223,2025-06-28T15:12:32Z
62,262,2025-06-11T15:12:32Z
308,179,2025-07-17T15:12:32Z
202,31,2025-06-05T15:12:32Z
582,107,2025-08-10T15:12:32Z
172,185,2025-09-19T15:12:32Z
138,6,2025-10-07T15:12:32Z
222,185,2025-05-20T15:12:32Z
964,271,2025-05-12T15:12:32Z
104,49,2025-06-28T15:12:32Z
753,124,2025-06-07T15:12:32Z
758,170,2025-07-25T15:12:32Z
930,211,2025-05-22T15:12:32Z
270,56,2025-09-16T15:12:32Z
909,142,2025-08-26T15:12:32Z
911,251,2025-05-20T15:12:32Z
231,135,2025-09-01T15:12:32Z
829,93,2025-10-18T15:12:32Z
869,85,2025-07-02T15:12:32Z
379,221,2025-07-30T15:12:32Z
692,153,2025-07-02T15:12:32Z
601,60,2025-05-28T15:12:32Z
991,145,2025-07-18T15:12:32Z
403,236,2025-06-07T15:12:32Z
442,187,2025-08-27T15:12:32Z
293,49,2025-11-01T15:12:32Z
341,242,2025-08-20T15:12:32Z
190,244,2025-06-07T15:12:32Z
590,20,2025-07-28T15:12:32Z
116,90,2025-11-03T15:12:32Z
246,66,2025-06-09T15:12:32Z
186,218,2025-10-06T15:12:32Z
54,285,2025-05-24T15:12:32Z
812,159,2025-07-23T15:12:32Z
908,291,2025-09-13T15:12:32Z
581,201,2025-09-11T15:12:32Z
107,110,2025-10-30T15:12:32Z
508,227,2025-08-07T15:12:32Z
955,272,2025-10-17T15:12:32Z
95,188,2025-08-27T15:12:32Z
836,101,2025-09-22T15:12:32Z
266,218,2025-05-16T15:12:32Z
50,87,2025-07-02T15:12:32Z
709,74,2025-07-24T15:12:32Z
228,98,2025-07-11T15:12:32Z
410,135,2025-07-25T15:12:32Z
115,6,2025-10-22T15:12:32Z
835,36,2025-07-17T15:12:32Z
26,184,2025-08-15T15:12:32Z
38,124,2025-09-29T15:12:32Z
747,141,2025-10-21T15:12:32Z
679,223,2025-10-07T15:12:32Z
233,34,2025-05-13T15:12:32Z
782,72,2025-06-24T15:12:32Z
507,263,2025-10-29T15:12:32Z
638,3,2025-08-09T15:12:32Z
181,31,2025-06-06T15:12:32Z
803,290,2025-08-10T15:12:32Z
848,233,2025-09-07T15:12:32Z
233,173,2025-09-19T15:12:32Z
2,130,2025-08-05T15:12:32Z
801,90,2025-09-10T15:12:32Z
90,129,2025-08-09T15:12:32Z
407,246,2025-10-25T15:12:32Z
524,124,2025-07-30T15:12:32Z
783,103,2025-09-27T15:12:32Z
40,16,2025-11-03T15:12:32Z
103,44,2025-05-25T15:12:32Z
228,18,2025-05-17T15:12:32Z
987,274,2025-05-20T15:12:32Z
946,152,2025-06-23T15:12:32Z
490,63,2025-08-15T15:12:32Z
149,190,2025-09-12T15:12:32Z
146,143,2025-06-29T15:12:32Z
260,140,2025-08-10T15:12:32Z
158,201,2025-09-22T15:12:32Z
59,72,2025-09-21T15:12:32Z
217,7,2025-05-23T15:12:32Z
854,146,2025-09-05T15:12:32Z
545,115,2025-08-29T15:12:32Z
283,146,2025-09-07T15:12:32Z
235,186,2025-08-20T15:12:32Z
332,42,2025-11-03T15:12:32Z
226,225,2025-09-23T15:12:32Z
804,162,2025-05-21T15:12:32Z
673,259,2025-07-31T15:12:32Z
810,260,2025-10-26T15:12:32Z
75,297,2025-05-30T15:12:32Z
439,263,2025-10-19T15:12:32Z
338,285,2025-08-29T15:12:32Z
591,288,2025-06-08T15:12:32Z
462,103,2025-07-02T15:12:32Z
489,181,2025-10-02T15:12:32Z
1000,152,2025-05-20T15:12:32Z
99,74,2025-05-21T15:12:32Z
964,229,2025-06-13T15:12:32Z
928,135,2025-07-26T15:12:32Z
416,203,2025-06-15T15:12:32Z
221,262,2025-09-25T15:12:32Z
82,120,2025-09-20T15:12:32Z
692,22,2025-07-12T15:12:32Z
987,175,2025-06-23T15:12:32Z
431,161,2025-09-07T15:12:32Z
922,23,2025-09-16T15:12:32Z
337,61,2025-09-19T15:12:32Z
653,22,2025-09-21T15:12:32Z
163,124,2025-06-09T15:12:32Z
794,72,2025-07-05T15:12:32Z
577,281,2025-08-26T15:12:32Z
2,141,2025-07-22T15:12:32Z
406,225,2025-08-19T15:12:32Z
509,152,2025-08-22T15:12:32Z
946,197,2025-10-15T15:12:32Z
912,6,2025-07-20T15:12:32Z
879,188,2025-10-29T15:12:32Z
323,66,2025-07-09T15:12:32Z
999,7,2025-06-15T15:12:32Z
452,226,2025-10-09T15:12:32Z
666,199,2025-10-02T15:12:32Z
329,98,2025-10-25T15:12:32Z
737,231,2025-09-22T15:12:32Z
542,9,2025-07-11T15:12:32Z
307,129,2025-10-17T15:12:32Z
939,299,2025-06-01T15:12:32Z
782,23,2025-06-03T15:12:32Z
674,94,2025-09-04T15:12:32Z
896,203,2025-09-11T15:12:32Z
811,227,2025-06-03T15:12:32Z
772,150,2025-09-05T15:12:32Z
283,190,2025-07-14T15:12:32Z
899,233,2025-08-31T15:12:32Z
176,179,2025-09-10T15:12:32Z
431,244,2025-06-05T15:12:32Z
590,77,2025-05-26T15:12:32Z
879,1,2025-10-12T15:12:32Z
916,25,2025-07-15T15:12:32Z
118,106,2025-10-26T15:12:32Z
357,235,2025-08-25T15:12:32Z
380,90,2025-07-09T15:12:32Z
39,78,2025-11-04T15:12:32Z
444,246,2025-08-01T15:12:32Z
741,88,2025-09-10T15:12:32Z
145,80,2025-10-10T15:12:32Z
752,33,2025-08-13T15:12:32Z
542,185,2025-07-29T15:12:32Z
644,214,2025-11-06T15:12:32Z
945,245,2025-06-03T15:12:32Z
723,197,2025-06-18T15:12:32Z
407,129,2025-09-11T15:12:32Z
564,63,2025-10-25T15:12:32Z
912,285,2025-09-19T15:12:32Z
35,176,2025-09-18T15:12:32Z
272,79,2025-09-14T15:12:32Z
238,34,2025-06-11T15:12:32Z
801,44,2025-10-30T15:12:32Z
728,76,2025-06-14T15:12:32Z
772,130,2025-10-25T15:12:32Z
663,274,2025-07-17T15:12:32Z
477,191,2025-09-19T15:12:32Z
213,198,2025-10-23T15:12:32Z
970,156,2025-09-26T15:12:32Z
433,272,2025-08-12T15:12:32Z
748,31,2025-09-17T15:12:32Z
639,223,2025-11-04T15:12:32Z
411,251,2025-10-10T15:12:32Z
23,117,2025-09-17T15:12:32Z
70,169,2025-05-19T15:12:32Z
374,209,2025-07-17T15:12:32Z
795,272,2025-06-03T15:12:32Z
256,186,2025-09-23T15:12:32Z
58,57,2025-09-23T15:12:32Z
570,209,2025-07-05T15:12:32Z
278,70,2025-10-26T15:12:32Z
70,213,2025-11-02T15:12:32Z
981,72,2025-05-21T15:12:32Z
903,146,2025-10-23T15:12:32Z
939,94,2025-05-21T15:12:32Z
748,222,2025-07-08T15:12:32Z
329,95,2025-07-24T15:12:32Z
948,139,2025-10-25T15:12:32Z
233,220,2025-07-17T15:12:32Z
645,244,2025-08-12T15:12:32Z
160,191,2025-06-06T15:12:32Z
395,49,2025-06-23T15:12:32Z
743,197,2025-09-04T15:12:32Z
463,150,2025-10-18T15:12:32Z
87,245,2025-10-25T15:12:32Z
43,144,2025-05-12T15:12:32Z
426,223,2025-10-25T15:12:32Z
876,204,2025-07-05T15:12:32Z
613,108,2025-08-08T15:12:32Z
712,169,2025-09-22T15:12:32Z
506,225,2025-09-23T15:12:32Z
767,16,2025-09-04T15:12:32Z
168,90,2025-08-06T15:12:32Z
148,188,2025-08-02T15:12:32Z
702,155,2025-06-08T15:12:32Z
871,154,2025-09-18T15:12:32Z
837,166,2025-09-16T15:12:32Z
310,82,2025-11-02T15:12:32Z
512,235,2025-06-06T15:12:32Z
278,34,2025-11-01T15:12:32Z
629,75,2025-06-30T15:12:32Z
195,90,2025-07-02T15:12:32Z
407,90,2025-05-28T15:12:32Z
425,291,2025-08-30T15:12:32Z
327,262,2025-09-27T15:12:32Z
158,147,2025-07-22T15:12:32Z
556,74,2025-10-01T15:12:32Z
670,80,2025-06-13T15:12:32Z
607,49,2025-10-08T15:12:32Z
224,83,2025-09-29T15:12:32Z
412,209,2025-07-18T15:12:32Z
662,149,2025-09-23T15:12:32Z
681,285,2025-10-27T15:12:32Z
680,12,2025-05-31T15:12:32Z
348,84,2025-09-18T15:12:32Z
671,98,2025-10-27T15:12:32Z
873,4,2025-09-27T15:12:32Z
182,259,2025-10-13T15:12:32Z
801,106,2025-08-03T15:12:32Z
729,196,2025-06-22T15:12:32Z
428,192,2025-07-02T15:12:32Z
916,74,2025-10-11T15:12:32Z
335,97,2025-06-17T15:12:32Z
313,281,2025-05-18T15:12:32Z
182,19,2025-07-01T15:12:32Z
453,9,2025-07-07T15:12:32Z
336,139,2025-05-27T15:12:32Z
767,49,2025-10-07T15:12:32Z
223,128,2025-05-22T15:12:32Z
733,47,2025-09-30T15:12:32Z
18,139,2025-05-14T15:12:32Z
627,121,2025-06-23T15:12:32Z
751,279,2025-06-29T15:12:32Z
792,196,2025-10-14T15:12:32Z
158,188,2025-06-09T15:12:32Z
590,266,2025-10-13T15:12:32Z
114,16,2025-11-01T15:12:32Z
420,118,2025-05-14T15:12:32Z
64,5,2025-08-09T15:12:32Z
553,9,2025-09-18T15:12:32Z
4,8,2025-05-29T15:12:32Z
277,189,2025-06-24T15:12:32Z
727,81,2025-08-08T15:12:32Z
863,105,2025-09-24T15:12:32Z
62,184,2025-07-28T15:12:32Z
843,174,2025-07-18T15:12:32Z
182,112,2025-09-15T15:12:32Z
625,252,2025-05-18T15:12:32Z
835,64,2025-07-25T15:12:32Z
518,258,2025-05-28T15:12:32Z
935,63,2025-09-22T15:12:32Z
445,159,2025-08-20T15:12:32Z
1,195,2025-09-19T15:12:32Z
206,122,2025-06-04T15:12:32Z
870,121,2025-09-10T15:12:32Z
755,219,2025-10-21T15:12:32Z
416,66,2025-07-03T15:12:32Z
433,115,2025-06-11T15:12:32Z
536,223,2025-05-23T15:12:32Z
637,233,2025-07-10T15:12:32Z
472,181,2025-05-13T15:12:32Z
594,108,2025-05-26T15:12:32Z
359,180,2025-09-22T15:12:32Z
719,95,2025-08-02T15:12:32Z
547,49,2025-09-24T15:12:32Z
850,45,2025-10-02T15:12:32Z
632,199,2025-06-08T15:12:32Z
334,271,2025-06-05T15:12:32Z
783,26,2025-08-22T15:12:32Z
883,282,2025-11-01T15:12:32Z
147,264,2025-07-24T15:12:32Z
783,184,2025-06-13T15:12:32Z
576,68,2025-06-18T15:12:32Z
703,214,2025-09-02T15:12:32Z
292,121,2025-08-28T15:12:32Z
822,13,2025-06-30T15:12:32Z
474,85,2025-08-25T15:12:32Z
212,271,2025-06-11T15:12:32Z
390,258,2025-06-10T15:12:32Z
324,299,2025-06-05T15:12:32Z
826,154,2025-11-04T15:12:32Z
856,126,2025-09-26T15:12:32Z
407,105,2025-08-24T15:12:32Z
861,59,2025-09-22T15:12:32Z
368,172,2025-10-11T15:12:32Z
899,206,2025-06-13T15:12:32Z
338,110,2025-08-20T15:12:32Z
243,84,2025-06-07T15:12:32Z
567,35,2025-07-23T15:12:32Z
15,135,2025-07-15T15:12:32Z
1,132,2025-10-26T15:12:32Z
779,28,2025-10-11T15:12:32Z
661,68,2025-11-02T15:12:32Z
397,60,2025-10-13T15:12:32Z
197,256,2025-06-21T15:12:32Z
460,139,2025-10-24T15:12:32Z
670,63,2025-06-24T15:12:32Z
32,93,2025-05-29T15:12:32Z
910,33,2025-10-25T15:12:32Z
973,129,2025-10-04T15:12:32Z
496,35,2025-05-20T15:12:32Z
925,29,2025-08-03T15:12:32Z
146,239,2025-10-08T15:12:32Z
894,155,2025-10-02T15:12:32Z
189,291,2025-10-06T15:12:32Z
221,135,2025-07-17T15:12:32Z
315,54,2025-07-30T15:12:32Z
382,96,2025-09-10T15:12:32Z
99,275,2025-06-23T15:12:32Z
851,73,2025-10-02T15:12:32Z
224,259,2025-09-25T15:12:32Z
4,162,2025-07-29T15:12:32Z
953,288,2025-07-09T15:12:32Z
649,91,2025-07-03T15:12:32Z
549,236,2025-09-04T15:12:32Z
730,103,2025-06-18T15:12:32Z
685,184,2025-09-24T15:12:32Z
730,72,2025-10-12T15:12:32Z
501,253,2025-06-02T15:12:32Z
345,157,2025-06-24T15:12:32Z
372,132,2025-06-06T15:12:32Z
315,204,2025-07-09T15:12:32Z
366,64,2025-08-22T15:12:32Z
115,275,2025-10-07T15:12:32Z
471,121,2025-09-01T15:12:32Z
38,30,2025-09-08T15:12:32Z
228,87,2025-10-06T15:12:32Z
895,258,2025-05-14T15:12:32Z
941,188,2025-09-21T15:12:32Z
486,241,2025-06-23T15:12:32Z
70,32,2025-09-23T15:12:32Z
10,8,2025-06-17T15:12:32Z
321,184,2025-10-06T15:12:32Z
335,78,2025-08-15T15:12:32Z
52,273,2025-06-28T15:12:32Z
436,185,2025-09-19T15:12:32Z
509,130,2025-07-07T15:12:32Z
607,33,2025-06-09T15:12:32Z
230,106,2025-07-28T15:12:32Z
264,277,2025-05-29T15:12:32Z
54,244,2025-06-09T15:12:32Z
707,82,2025-10-09T15:12:32Z
349,290,2025-09-09T15:12:32Z
853,124,2025-09-26T15:12:32Z
609,245,2025-05-21T15:12:32Z
667,109,2025-07-30T15:12:32Z
305,144,2025-05-19T15:12:32Z
380,1,2025-09-24T15:12:32Z
337,6,2025-08-09T15:12:32Z
760,140,2025-06-08T15:12:32Z
452,225,2025-07-11T15:12:32Z
840,230,2025-08-22T15:12:32Z
921,200,2025-07-11T15:12:32Z
542,192,2025-08-31T15:12:32Z
809,23,2025-09-15T15:12:32Z
536,134,2025-06-26T15:12:32Z
654,72,2025-09-14T15:12:32Z
870,149,2025-10-08T15:12:32Z
625,153,2025-06-22T15:12:32Z
12,75,2025-06-01T15:12:32Z
646,191,2025-10-11T15:12:32Z
380,132,2025-09-30T15:12:32Z
600,121,2025-09-11T15:12:32Z
644,274,2025-06-30T15:12:32Z
985,226,2025-05-19T15:12:32Z
21,39,2025-10-06T15:12:32Z
82,220,2025-09-04T15:12:32Z
129,152,2025-07-08T15:12:32Z
358,186,2025-09-05T15:12:32Z
61,90,2025-08-15T15:12:32Z
877,230,2025-10-06T15:12:32Z
901,183,2025-08-22T15:12:32Z
411,46,2025-08-11T15:12:32Z
509,97,2025-08-01T15:12:32Z
81,165,2025-05-14T15:12:32Z
582,59,2025-09-14T15:12:32Z
722,181,2025-05-30T15:12:32Z
93,136,2025-05-28T15:12:32Z
682,197,2025-10-15T15:12:32Z
841,7,2025-09-06T15:12:32Z
366,140,2025-10-08T15:12:32Z
403,153,2025-10-27T15:12:32Z
933,206,2025-07-09T15:12:32Z
876,81,2025-06-20T15:12:32Z
420,3,2025-08-11T15:12:32Z
182,204,2025-10-16T15:12:32Z
71,185,2025-10-18T15:12:32Z
982,220,2025-05-28T15:12:32Z
549,77,2025-07-25T15:12:32Z
987,189,2025-10-28T15:12:32Z
2,248,2025-07-04T15:12:32Z
271,25,2025-07-05T15:12:32Z
957,283,2025-10-11T15:12:32Z
465,236,2025-06-24T15:12:32Z
814,165,2025-11-01T15:12:32Z
429,122,2025-07-27T15:12:32Z
584,8,2025-09-23T15:12:32Z
962,266,2025-06-29T15:12:32Z
773,42,2025-10-09T15:12:32Z
852,136,2025-06-22T15:12:32Z
867,59,2025-10-06T15:12:32Z
658,67,2025-06-18T15:12:32Z
808,241,2025-07-31T15:12:32Z
795,236,2025-09-16T15:12:32Z
779,167,2025-10-21T15:12:32Z
482,100,2025-05-24T15:12:32Z
750,95,2025-09-13T15:12:32Z
461,263,2025-09-03T15:12:32Z
620,26,2025-05-31T15:12:32Z
198,6,2025-05-27T15:12:32Z
191,71,2025-10-05T15:12:32Z
807,215,2025-10-27T15:12:32Z
671,209,2025-09-08T15:12:32Z
742,93,2025-07-14T15:12:32Z
777,232,2025-10-21T15:12:32Z
707,150,2025-08-29T15:12:32Z
278,275,2025-09-06T15:12:32Z
61,234,2025-07-06T15:12:32Z
978,23,2025-10-01T15:12:32Z
29,229,2025-06-17T15:12:32Z
262,22,2025-07-25T15:12:32Z
81,189,2025-08-22T15:12:32Z
15,299,2025-05-13T15:12:32Z
430,199,2025-10-10T15:12:32Z
37,145,2025-08-20T15:12:32Z
705,159,2025-09-12T15:12:32Z
560,13,2025-07-15T15:12:32Z
957,160,2025-10-29T15:12:32Z
401,135,2025-10-03T15:12:32Z
420,8,2025-06-10T15:12:32Z
488,228,2025-08-18T15:12:32Z
250,150,2025-08-13T15:12:32Z
989,292,2025-10-31T15:12:32Z
92,220,2025-10-29T15:12:32Z
96,13,2025-09-15T15:12:32Z
43,201,2025-07-09T15:12:32Z
508,22,2025-09-20T15:12:32Z
324,176,2025-07-25T15:12:32Z
584,163,2025-06-19T15:12:32Z
855,261,2025-07-13T15:12:32Z
56,76,2025-09-10T15:12:32Z
189,91,2025-10-01T15:12:32Z
148,52,2025-09-21T15:12:32Z
774,233,2025-10-01T15:12:32Z
598,53,2025-08-20T15:12:32Z
905,262,2025-08-02T15:12:32Z
431,139,2025-08-18T15:12:32Z
419,251,2025-05-24T15:12:32Z
738,100,2025-10-31T15:12:32Z
277,173,2025-05-13T15:12:32Z
115,228,2025-10-28T15:12:32Z
684,45,2025-08-17T15:12:32Z
596,184,2025-09-24T15:12:32Z
776,71,2025-06-04T15:12:32Z
491,182,2025-07-20T15:12:32Z
130,116,2025-07-11T15:12:32Z
513,28,2025-08-30T15:12:32Z
524,72,2025-07-17T15:12:32Z
579,270,2025-06-13T15:12:32Z
134,147,2025-07-18T15:12:32Z
585,66,2025-09-16T15:12:32Z
854,78,2025-08-15T15:12:32Z
554,267,2025-06-29T15:12:32Z
517,105,2025-10-07T15:12:32Z
327,83,2025-07-19T15:12:32Z
173,28,2025-09-25T15:12:32Z
703,132,2025-11-03T15:12:32Z
900,4,2025-09-12T15:12:32Z
562,59,2025-08-02T15:12:32Z
465,64,2025-06-08T15:12:32Z
529,6,2025-06-13T15:12:32Z
125,279,2025-10-07T15:12:32Z
594,71,2025-07-31T15:12:32Z
841,201,2025-10-02T15:12:32Z
760,210,2025-05-18T15:12:32Z
745,82,2025-06-01T15:12:32Z
815,220,2025-08-22T15:12:32Z
966,257,2025-07-21T15:12:32Z
251,19,2025-10-25T15:12:32Z
284,154,2025-09-04T15:12:32Z
976,150,2025-10-16T15:12:32Z
904,164,2025-08-17T15:12:32Z
662,53,2025-05-13T15:12:32Z
778,120,2025-08-19T15:12:32Z
652,72,2025-05-20T15:12:32Z
332,30,2025-08-27T15:12:32Z
330,188,2025-06-12T15:12:32Z
596,281,2025-07-26T15:12:32Z
98,150,2025-06-19T15:12:32Z
830,53,2025-06-21T15:12:32Z
156,197,2025-05-23T15:12:32Z
992,295,2025-09-29T15:12:32Z
145,31,2025-06-24T15:12:32Z
269,58,2025-10-03T15:12:32Z
653,257,2025-07-24T15:12:32Z
466,99,2025-11-04T15:12:32Z
791,296,2025-10-02T15:12:32Z
563,163,2025-05-15T15:12:32Z
806,128,2025-08-10T15:12:32Z
118,46,2025-10-22T15:12:32Z
57,79,2025-07-20T15:12:32Z
131,261,2025-09-05T15:12:32Z
31,263,2025-09-23T15:12:32Z
753,16,2025-10-20T15:12:32Z
671,83,2025-06-23T15:12:32Z
754,9,2025-07-18T15:12:32Z
320,190,2025-10-26T15:12:32Z
671,11,2025-10-01T15:12:32Z
225,108,2025-07-31T15:12:32Z
637,163,2025-08-13T15:12:32Z
737,199,2025-08-19T15:12:32Z
241,191,2025-06-17T15:12:32Z
503,258,2025-06-23T15:12:32Z
768,115,2025-07-12T15:12:32Z
464,38,2025-06-29T15:12:32Z
958,15,2025-05-12T15:12:32Z
283,245,2025-05-31T15:12:32Z
873,81,2025-07-16T15:12:32Z
810,233,2025-08-23T15:12:32Z
679,250,2025-06-11T15:12:32Z
16,262,2025-07-24T15:12:32Z
826,195,2025-08-21T15:12:32Z
997,165,2025-10-05T15:12:32Z
832,236,2025-08-20T15:12:32Z
900,108,2025-06-19T15:12:32Z
89,95,2025-05-27T15:12:32Z
168,185,2025-09-02T15:12:32Z
994,54,2025-05-22T15:12:32Z
659,281,2025-10-06T15:12:32Z
793,224,2025-06-20T15:12:32Z
475,221,2025-11-06T15:12:32Z
240,134,2025-09-10T15:12:32Z
513,289,2025-09-22T15:12:32Z
284,144,2025-07-22T15:12:32Z
266,72,2025-08-10T15:12:32Z
45,230,2025-10-14T15:12:32Z
201,89,2025-10-16T15:12:32Z
884,158,2025-10-07T15:12:32Z
626,89,2025-07-21T15:12:32Z
146,58,2025-05-26T15:12:32Z
55,6,2025-09-16T15:12:32Z
108,27,2025-07-15T15:12:32Z
83,139,2025-08-28T15:12:32Z
305,55,2025-10-08T15:12:32Z
766,74,2025-06-09T15:12:32Z
425,29,2025-10-11T15:12:32Z
906,16,2025-08-08T15:12:32Z
740,143,2025-09-01T15:12:32Z
866,284,2025-06-25T15:12:32Z
644,28,2025-10-18T15:12:32Z
229,108,2025-06-24T15:12:32Z
484,69,2025-06-17T15:12:32Z
536,174,2025-07-09T15:12:32Z
733,162,2025-07-10T15:12:32Z
437,199,2025-06-18T15:12:32Z
1000,249,2025-10-04T15:12:32Z
258,2,2025-07-04T15:12:32Z
497,14,2025-09-09T15:12:32Z
885,213,2025-11-05T15:12:32Z
16,161,2025-08-05T15:12:32Z
33,244,2025-09-24T15:12:32Z
199,212,2025-09-13T15:12:32Z
167,230,2025-07-29T15:12:32Z
617,4,2025-06-18T15:12:32Z
408,191,2025-11-01T15:12:32Z
68,212,2025-06-01T15:12:32Z
871,257,2025-05-12T15:12:32Z
330,274,2025-10-08T15:12:32Z
398,147,2025-11-05T15:12:32Z
203,72,2025-10-26T15:12:32Z
786,44,2025-09-27T15:12:32Z
635,196,2025-09-11T15:12:32Z
876,220,2025-07-01T15:12:32Z
309,29,2025-07-21T15:12:32Z
834,230,2025-08-18T15:12:32Z
151,130,2025-08-04T15:12:32Z
488,171,2025-06-19T15:12:32Z
414,60,2025-09-08T15:12:32Z
239,256,2025-06-19T15:12:32Z
18,32,2025-08-28T15:12:32Z
266,115,2025-07-04T15:12:32Z
807,245,2025-10-06T15:12:32Z
346,193,2025-10-09T15:12:32Z
928,237,2025-07-03T15:12:32Z
240,173,2025-08-03T15:12:32Z
101,81,2025-08-06T15:12:32Z
781,124,2025-07-11T15:12:32Z
20,107,2025-08-23T15:12:32Z
791,286,2025-07-21T15:12:32Z
38,120,2025-10-21T15:12:32Z
209,218,2025-07-01T15:12:32Z
825,2,2025-05-24T15:12:32Z
493,117,2025-09-12T15:12:32Z
234,214,2025-11-02T15:12:32Z
842,285,2025-08-21T15:12:32Z
688,214,2025-07-31T15:12:32Z
341,199,2025-07-29T15:12:32Z
915,98,2025-09-20T15:12:32Z
47,100,2025-07-23T15:12:32Z
457,30,2025-05-16T15:12:32Z
881,209,2025-08-12T15:12:32Z
488,59,2025-05-13T15:12:32Z
224,170,2025-07-19T15:12:32Z
622,264,2025-07-25T15:12:32Z
817,84,2025-06-27T15:12:32Z
403,164,2025-05-17T15:12:32Z
799,77,2025-09-07T15:12:32Z
704,74,2025-06-05T15:12:32Z
592,20,2025-10-16T15:12:32Z
611,129,2025-07-20T15:12:32Z
322,26,2025-05-16T15:12:32Z
462,87,2025-07-08T15:12:32Z
728,19,2025-08-10T15:12:32Z
601,238,2025-09-06T15:12:32Z
151,191,2025-07-07T15:12:32Z
467,245,2025-09-21T15:12:32Z
967,111,2025-07-06T15:12:32Z
856,233,2025-08-04T15:12:32Z
622,128,2025-07-04T15:12:32Z
799,167,2025-09-27T15:12:32Z
117,222,2025-08-30T15:12:32Z
567,175,2025-10-29T15:12:32Z
979,127,2025-11-04T15:12:32Z
192,50,2025-09-21T15:12:32Z
15,196,2025-08-30T15:12:32Z
508,232,2025-10-22T15:12:32Z
462,225,2025-11-02T15:12:32Z
410,250,2025-07-15T15:12:32Z
910,105,2025-05-15T15:12:32Z
598,191,2025-09-14T15:12:32Z
188,213,2025-08-27T15:12:32Z
884,289,2025-09-27T15:12:32Z
444,174,2025-06-17T15:12:32Z
34,62,2025-08-15T15:12:32Z
631,189,2025-06-19T15:12:32Z
756,79,2025-09-10T15:12:32Z
777,165,2025-09-21T15:12:32Z
917,134,2025-10-07T15:12:32Z
668,259,2025-08-22T15:12:32Z
837,292,2025-10-22T15:12:32Z
464,112,2025-05-25T15:12:32Z
884,203,2025-06-18T15:12:32Z
603,42,2025-08-31T15:12:32Z
24,84,2025-11-06T15:12:32Z
309,152,2025-07-22T15:12:32Z
867,90,2025-09-24T15:12:32Z
579,104,2025-06-07T15:12:32Z
926,241,2025-08-22T15:12:32Z
635,137,2025-08-27T15:12:32Z
599,93,2025-09-23T15:12:32Z
981,128,2025-09-04T15:12:32Z
251,203,2025-10-20T15:12:32Z
928,75,2025-08-10T15:12:32Z
117,177,2025-09-10T15:12:32Z
337,281,2025-09-10T15:12:32Z
517,192,2025-06-16T15:12:32Z
639,50,2025-09-05T15:12:32Z
871,275,2025-07-29T15:12:32Z
136,129,2025-06-22T15:12:32Z
661,223,2025-10-06T15:12:32Z
771,233,2025-10-14T15:12:32Z
455,167,2025-06-06T15:12:32Z
975,173,2025-10-07T15:12:32Z
203,60,2025-07-06T15:12:32Z
285,222,2025-10-21T15:12:32Z
187,2,2025-08-30T15:12:32Z
924,30,2025-08-11T15:12:32Z
601,170,2025-09-21T15:12:32Z
103,116,2025-08-03T15:12:32Z
967,213,2025-08-28T15:12:32Z
645,162,2025-09-03T15:12:32Z
912,74,2025-07-21T15:12:32Z
28,114,2025-06-13T15:12:32Z
925,212,2025-08-18T15:12:32Z
63,235,2025-09-25T15:12:32Z
708,283,2025-08-14T15:12:32Z
278,295,2025-10-02T15:12:32Z
307,118,2025-05-20T15:12:32Z
497,170,2025-07-11T15:12:32Z
620,231,2025-08-03T15:12:32Z
158,190,2025-07-01T15:12:32Z
644,178,2025-05-11T15:12:32Z
605,225,2025-11-05T15:12:32Z
505,287,2025-07-19T15:12:32Z
204,254,2025-09-07T15:12:32Z
441,80,2025-10-13T15:12:32Z
170,167,2025-07-10T15:12:32Z
984,299,2025-08-28T15:12:32Z
652,77,2025-08-07T15:12:32Z
850,74,2025-09-24T15:12:32Z
717,155,2025-07-07T15:12:32Z
19,58,2025-08-30T15:12:32Z
798,220,2025-08-06T15:12:32Z
755,157,2025-10-17T15:12:32Z
569,35,2025-09-23T15:12:32Z
774,26,2025-06-23T15:12:32Z
173,75,2025-07-15T15:12:32Z
604,85,2025-09-21T15:12:32Z
812,252,2025-09-05T15:12:32Z
295,266,2025-06-13T15:12:32Z
621,50,2025-07-29T15:12:32Z
41,174,2025-07-25T15:12:32Z
848,296,2025-06-11T15:12:32Z
69,137,2025-08-26T15:12:32Z
630,120,2025-10-25T15:12:32Z
225,45,2025-08-04T15:12:32Z
138,26,2025-08-22T15:12:32Z
973,263,2025-09-11T15:12:32Z
430,130,2025-06-24T15:12:32Z
329,98,2025-08-27T15:12:32Z
851,106,2025-07-08T15:12:32Z
401,50,2025-09-12T15:12:32Z
11,283,2025-06-13T15:12:32Z
205,238,2025-07-21T15:12:32Z
675,128,2025-09-10T15:12:32Z
806,14,2025-10-08T15:12:32Z
290,190,2025-07-18T15:12:32Z
399,159,2025-08-28T15:12:32Z
120,293,2025-07-12T15:12:32Z
536,19,2025-07-07T15:12:32Z
433,88,2025-09-03T15:12:32Z
839,123,2025-07-20T15:12:32Z
879,253,2025-10-12T15:12:32Z
89,66,2025-06-01T15:12:32Z
307,199,2025-10-27T15:12:32Z
574,286,2025-07-16T15:12:32Z
80,222,2025-09-24T15:12:32Z
800,132,2025-09-17T15:12:32Z
262,242,2025-06-14T15:12:32Z
368,117,2025-06-22T15:12:32Z
863,172,2025-07-22T15:12:32Z
705,278,2025-09-23T15:12:32Z
65,220,2025-11-06T15:12:32Z
896,244,2025-05-30T15:12:32Z
760,277,2025-09-23T15:12:32Z
241,267,2025-06-08T15:12:32Z
596,91,2025-07-07T15:12:32Z
52,130,2025-07-04T15:12:32Z
755,83,2025-08-23T15:12:32Z
269,44,2025-09-13T15:12:32Z
85,206,2025-07-14T15:12:32Z
900,56,2025-09-02T15:12:32Z
135,241,2025-09-08T15:12:32Z
377,205,2025-05-13T15:12:32Z
765,27,2025-06-13T15:12:32Z
464,13,2025-05-12T15:12:32Z
12,226,2025-08-20T15:12:32Z
666,204,2025-07-31T15:12:32Z
422,147,2025-10-29T15:12:32Z
723,112,2025-07-16T15:12:32Z
252,272,2025-10-31T15:12:32Z
682,166,2025-11-01T15:12:32Z
562,212,2025-09-21T15:12:32Z
910,83,2025-06-12T15:12:32Z
630,252,2025-06-28T15:12:32Z
442,197,2025-09-12T15:12:32Z
397,130,2025-09-15T15:12:32Z
697,275,2025-05-12T15:12:32Z
775,167,2025-07-27T15:12:32Z
818,243,2025-11-01T15:12:32Z
585,199,2025-10-02T15:12:32Z
61,207,2025-05-25T15:12:32Z
784,120,2025-06-20T15:12:32Z
31,173,2025-07-29T15:12:32Z
781,183,2025-07-27T15:12:32Z
486,51,2025-06-11T15:12:32Z
860,272,2025-10-17T15:12:32Z
953,135,2025-07-04T15:12:32Z
720,108,2025-09-15T15:12:32Z
93,224,2025-11-05T15:12:32Z
626,199,2025-09-24T15:12:32Z
31,165,2025-05-12T15:12:32Z
996,126,2025-05-18T15:12:32Z
704,199,2025-05-13T15:12:32Z
794,257,2025-06-03T15:12:32Z
28,195,2025-06-06T15:12:32Z
840,229,2025-07-17T15:12:32Z
622,190,2025-09-26T15:12:32Z
238,236,2025-06-28T15:12:32Z
832,151,2025-05-12T15:12:32Z
478,234,2025-10-09T15:12:32Z
396,17,2025-05-26T15:12:32Z
352,280,2025-06-11T15:12:32Z
106,146,2025-05-24T15:12:32Z
944,192,2025-05-23T15:12:32Z
205,4,2025-10-26T15:12:32Z
423,100,2025-10-27T15:12:32Z
32,30,2025-05-29T15:12:32Z
466,198,2025-07-27T15:12:32Z
564,99,2025-05-24T15:12:32Z
853,62,2025-06-25T15:12:32Z
469,63,2025-06-27T15:12:32Z
975,66,2025-09-20T15:12:32Z
91,253,2025-07-22T15:12:32Z
737,196,2025-07-31T15:12:32Z
820,105,2025-07-26T15:12:32Z
34,214,2025-10-03T15:12:32Z
468,241,2025-05-28T15:12:32Z
200,116,2025-08-27T15:12:32Z
646,130,2025-05-26T15:12:32Z
922,290,2025-10-17T15:12:32Z
830,204,2025-08-22T15:12:32Z
418,64,2025-11-02T15:12:32Z
470,98,2025-09-04T15:12:32Z
584,220,2025-07-26T15:12:32Z
256,172,2025-08-02T15:12:32Z
136,3,2025-09-05T15:12:32Z
44,187,2025-08-08T15:12:32Z
262,127,2025-10-17T15:12:32Z
809,165,2025-08-27T15:12:32Z
847,56,2025-06-29T15:12:32Z
896,233,2025-07-14T15:12:32Z
531,159,2025-08-28T15:12:32Z
421,56,2025-09-17T15:12:32Z
439,119,2025-08-01T15:12:32Z
418,254,2025-06-10T15:12:32Z
318,203,2025-07-05T15:12:32Z
139,130,2025-09-02T15:12:32Z
189,10,2025-07-24T15:12:32Z
394,33,2025-07-28T15:12:32Z
598,33,2025-09-22T15:12:32Z
625,171,2025-06-06T15:12:32Z
254,32,2025-08-16T15:12:32Z
886,273,2025-06-17T15:12:32Z
462,95,2025-09-20T15:12:32Z
13,149,2025-10-06T15:12:32Z
51,199,2025-09-03T15:12:32Z
98,156,2025-09-16T15:12:32Z
1000,203,2025-10-16T15:12:32Z
11,63,2025-11-05T15:12:32Z
305,299,2025-05-23T15:12:32Z
953,231,2025-09-30T15:12:32Z
980,205,2025-05-24T15:12:32Z
892,92,2025-06-15T15:12:32Z
18,126,2025-06-27T15:12:32Z
156,195,2025-07-09T15:12:32Z
446,245,2025-05-19T15:12:32Z
304,176,2025-08-14T15:12:32Z
57,49,2025-09-21T15:12:32Z
32,121,2025-07-05T15:12:32Z
624,131,2025-05-31T15:12:32Z
928,29,2025-07-27T15:12:32Z
944,76,2025-05-24T15:12:32Z
412,286,2025-10-04T15:12:32Z
486,261,2025-09-05T15:12:32Z
631,193,2025-07-25T15:12:32Z
586,136,2025-07-07T15:12:32Z
870,105,2025-08-19T15:12:32Z
264,86,2025-09-26T15:12:32Z
494,62,2025-08-18T15:12:32Z
14,196,2025-07-02T15:12:32Z
76,252,2025-08-09T15:12:32Z
776,262,2025-05-21T15:12:32Z
712,221,2025-05-31T15:12:32Z
605,223,2025-06-27T15:12:32Z
42,216,2025-08-22T15:12:32Z
873,250,2025-08-28T15:12:32Z
624,81,2025-08-29T15:12:32Z
768,178,2025-07-23T15:12:32Z
323,108,2025-11-05T15:12:32Z
330,91,2025-06-04T15:12:32Z
941,92,2025-08-07T15:12:32Z
985,139,2025-06-22T15:12:32Z
361,232,2025-09-18T15:12:32Z
620,97,2025-06-17T15:12:32Z
353,4,2025-06-20T15:12:32Z
329,300,2025-09-01T15:12:32Z
686,32,2025-09-04T15:12:32Z
49,46,2025-07-08T15:12:32Z
602,34,2025-11-03T15:12:32Z
121,67,2025-08-28T15:12:32Z
619,159,2025-09-29T15:12:32Z
25,166,2025-06-09T15:12:32Z
786,13,2025-09-06T15:12:32Z
568,251,2025-05-15T15:12:32Z
676,67,2025-06-23T15:12:32Z
330,32,2025-06-04T15:12:32Z
290,61,2025-06-06T15:12:32Z
351,135,2025-10-04T15:12:32Z
308,243,2025-11-01T15:12:32Z
781,150,2025-07-05T15:12:32Z
495,80,2025-06-07T15:12:32Z
614,205,2025-10-14T15:12:32Z
887,280,2025-10-17T15:12:32Z
831,147,2025-08-02T15:12:32Z
283,280,2025-08-12T15:12:32Z
820,72,2025-09-06T15:12:32Z
609,20,2025-10-29T15:12:32Z
151,127,2025-08-18T15:12:32Z
488,23,2025-08-29T15:12:32Z
492,62,2025-06-23T15:12:32Z
941,34,2025-10-17T15:12:32Z
400,297,2025-06-01T15:12:32Z
591,149,2025-07-22T15:12:32Z
824,295,2025-07-25T15:12:32Z
255,191,2025-05-11T15:12:32Z
373,5,2025-11-03T15:12:32Z
758,229,2025-08-21T15:12:32Z
833,295,2025-07-15T15:12:32Z
411,144,2025-08-14T15:12:32Z
403,146,2025-10-27T15:12:32Z
850,149,2025-08-04T15:12:32Z
909,97,2025-05-25T15:12:32Z
639,25,2025-06-09T15:12:32Z
601,70,2025-06-08T15:12:32Z
825,172,2025-05-27T15:12:32Z
24,176,2025-08-31T15:12:32Z
786,20,2025-08-04T15:12:32Z
237,156,2025-06-12T15:12:32Z
43,32,2025-05-31T15:12:32Z
137,115,2025-08-09T15:12:32Z
957,224,2025-05-21T15:12:32Z
646,240,2025-10-02T15:12:32Z
986,32,2025-08-26T15:12:32Z
527,108,2025-10-06T15:12:32Z
124,179,2025-06-07T15:12:32Z
543,76,2025-08-26T15:12:32Z
781,281,2025-07-28T15:12:32Z
888,122,2025-06-07T15:12:32Z
127,13,2025-06-02T15:12:32Z
390,77,2025-09-07T15:12:32Z
106,78,2025-10-02T15:12:32Z
459,87,2025-08-23T15:12:32Z
776,149,2025-07-26T15:12:32Z
819,27,2025-08-05T15:12:32Z
384,223,2025-05-16T15:12:32Z
696,117,2025-07-21T15:12:32Z
434,11,2025-08-10T15:12:32Z
383,183,2025-09-22T15:12:32Z
252,55,2025-08-15T15:12:32Z
58,218,2025-08-31T15:12:32Z
100,62,2025-05-13T15:12:32Z
598,241,2025-08-17T15:12:32Z
956,242,2025-05-26T15:12:32Z
545,277,2025-07-18T15:12:32Z
868,271,2025-06-11T15:12:32Z
907,19,2025-06-18T15:12:32Z
271,150,2025-07-12T15:12:32Z
704,75,2025-10-25T15:12:32Z
868,274,2025-10-15T15:12:32Z
826,18,2025-06-15T15:12:32Z
443,85,2025-09-06T15:12:32Z
707,135,2025-05-12T15:12:32Z
216,214,2025-07-26T15:12:32Z
890,230,2025-10-03T15:12:32Z
836,174,2025-07-12T15:12:32Z
265,251,2025-07-17T15:12:32Z
230,275,2025-08-12T15:12:32Z
245,66,2025-11-01T15:12:32Z
67,1,2025-06-02T15:12:32Z
529,159,2025-08-23T15:12:32Z
676,150,2025-06-05T15:12:32Z
819,26,2025-08-14T15:12:32Z
337,259,2025-05-14T15:12:32Z
937,167,2025-08-16T15:12:32Z
207,221,2025-09-11T15:12:32Z
808,35,2025-09-05T15:12:32Z
793,212,2025-05-30T15:12:32Z
505,213,2025-07-10T15:12:32Z
425,234,2025-05-11T15:12:32Z
412,46,2025-07-07T15:12:32Z
4,174,2025-06-17T15:12:32Z
817,172,2025-08-13T15:12:32Z
816,167,2025-10-03T15:12:32Z
656,98,2025-08-22T15:12:32Z
277,126,2025-05-18T15:12:32Z
801,259,2025-06-30T15:12:32Z
142,113,2025-06-14T15:12:32Z
851,135,2025-11-03T15:12:32Z
196,72,2025-05-21T15:12:32Z
905,66,2025-07-24T15:12:32Z
459,283,2025-08-18T15:12:32Z
107,54,2025-09-12T15:12:32Z
696,145,2025-06-12T15:12:32Z
863,266,2025-10-18T15:12:32Z
438,173,2025-06-09T15:12:32Z
15,76,2025-06-07T15:12:32Z
147,48,2025-07-18T15:12:32Z
764,91,2025-06-08T15:12:32Z
134,115,2025-09-27T15:12:32Z
825,177,2025-05-21T15:12:32Z
338,266,2025-08-25T15:12:32Z
258,112,2025-11-05T15:12:32Z
448,197,2025-10-02T15:12:32Z
721,97,2025-07-02T15:12:32Z
350,9,2025-07-11T15:12:32Z
66,132,2025-07-01T15:12:32Z
462,40,2025-05-26T15:12:32Z
338,167,2025-08-24T15:12:32Z
394,139,2025-09-16T15:12:32Z
658,277,2025-07-27T15:12:32Z
614,45,2025-08-29T15:12:32Z
528,91,2025-05-15T15:12:32Z
794,147,2025-09-18T15:12:32Z
248,220,2025-06-01T15:12:32Z
158,180,2025-07-28T15:12:32Z
61,192,2025-10-01T15:12:32Z
136,58,2025-10-12T15:12:32Z
751,13,2025-05-15T15:12:32Z
512,251,2025-07-27T15:12:32Z
910,257,2025-08-08T15:12:32Z
482,179,2025-08-28T15:12:32Z
537,10,2025-08-12T15:12:32Z
828,99,2025-10-04T15:12:32Z
74,36,2025-08-01T15:12:32Z
158,258,2025-09-02T15:12:32Z
71,192,2025-06-09T15:12:32Z
148,12,2025-09-16T15:12:32Z
18,128,2025-09-08T15:12:32Z
889,249,2025-10-21T15:12:32Z
199,78,2025-05-31T15:12:32Z
939,149,2025-06-28T15:12:32Z
47,238,2025-10-25T15:12:32Z
229,31,2025-06-04T15:12:32Z
218,220,2025-05-19T15:12:32Z
654,147,2025-06-04T15:12:32Z
899,176,2025-10-03T15:12:32Z
569,223,2025-10-09T15:12:32Z
540,235,2025-08-22T15:12:32Z
210,225,2025-08-02T15:12:32Z
522,180,2025-06-13T15:12:32Z
587,98,2025-05-17T15:12:32Z
849,220,2025-10-26T15:12:32Z
173,4,2025-09-03T15:12:32Z
821,118,2025-10-14T15:12:32Z
341,72,2025-08-27T15:12:32Z
480,54,2025-08-19T15:12:32Z
578,8,2025-05-20T15:12:32Z
448,152,2025-08-06T15:12:32Z
69,187,2025-07-21T15:12:32Z
739,44,2025-09-16T15:12:32Z
860,128,2025-08-17T15:12:32Z
714,44,2025-08-28T15:12:32Z
251,127,2025-09-24T15:12:32Z
32,134,2025-06-19T15:12:32Z
170,271,2025-07-22T15:12:32Z
215,99,2025-07-16T15:12:32Z
413,2,2025-06-08T15:12:32Z
381,263,2025-06-24T15:12:32Z
480,279,2025-07-01T15:12:32Z
908,221,2025-08-06T15:12:32Z
425,161,2025-06-19T15:12:32Z
951,113,2025-09-07T15:12:32Z
226,39,2025-10-07T15:12:32Z
28,282,2025-09-24T15:12:32Z
58,191,2025-07-20T15:12:32Z
643,63,2025-10-23T15:12:32Z
830,272,2025-07-15T15:12:32Z
73,191,2025-07-22T15:12:32Z
608,29,2025-10-18T15:12:32Z
554,161,2025-05-15T15:12:32Z
474,55,2025-10-21T15:12:32Z
506,155,2025-10-23T15:12:32Z
523,121,2025-05-30T15:12:32Z
216,81,2025-08-31T15:12:32Z
211,85,2025-11-01T15:12:32Z
702,53,2025-07-27T15:12:32Z
698,49,2025-09-21T15:12:32Z
648,81,2025-10-15T15:12:32Z
103,248,2025-06-14T15:12:32Z
660,164,2025-05-23T15:12:32Z
786,162,2025-10-31T15:12:32Z
938,23,2025-07-30T15:12:32Z
895,97,2025-10-25T15:12:32Z
493,83,2025-06-09T15:12:32Z
622,18,2025-09-10T15:12:32Z
679,174,2025-05-21T15:12:32Z
249,125,2025-10-26T15:12:32Z
524,217,2025-07-24T15:12:32Z
998,108,2025-08-12T15:12:32Z
820,50,2025-07-16T15:12:32Z
861,275,2025-10-12T15:12:32Z
698,115,2025-07-17T15:12:32Z
131,60,2025-06-25T15:12:32Z
529,95,2025-08-27T15:12:32Z
522,144,2025-09-14T15:12:32Z
66,211,2025-07-06T15:12:32Z
771,35,2025-09-09T15:12:32Z
872,218,2025-09-17T15:12:32Z
333,280,2025-06-23T15:12:32Z
597,98,2025-07-14T15:12:32Z
895,150,2025-09-08T15:12:32Z
366,221,2025-06-28T15:12:32Z
589,257,2025-10-31T15:12:32Z
840,120,2025-07-20T15:12:32Z
68,68,2025-09-12T15:12:32Z
492,157,2025-07-02T15:12:32Z
364,158,2025-07-02T15:12:32Z
616,13,2025-05-21T15:12:32Z
403,272,2025-09-14T15:12:32Z
850,118,2025-08-14T15:12:32Z
658,275,2025-09-09T15:12:32Z
385,282,2025-10-20T15:12:32Z
551,178,2025-06-10T15:12:32Z
970,73,2025-09-14T15:12:32Z
867,4,2025-09-02T15:12:32Z
354,289,2025-08-07T15:12:32Z
944,257,2025-08-30T15:12:32Z
435,132,2025-07-16T15:12:32Z
920,9,2025-10-18T15:12:32Z
579,71,2025-10-19T15:12:32Z
234,23,2025-08-28T15:12:32Z
723,167,2025-09-02T15:12:32Z
831,296,2025-08-25T15:12:32Z
549,170,2025-08-25T15:12:32Z
790,27,2025-09-29T15:12:32Z
993,259,2025-06-12T15:12:32Z
725,4,2025-10-08T15:12:32Z
387,100,2025-07-12T15:12:32Z
426,239,2025-07-18T15:12:32Z
143,4,2025-07-29T15:12:32Z
179,266,2025-10-03T15:12:32Z
137,213,2025-08-30T15:12:32Z
75,106,2025-07-17T15:12:32Z
227,290,2025-07-05T15:12:32Z
97,53,2025-07-14T15:12:32Z
651,188,2025-08-28T15:12:32Z
301,248,2025-06-02T15:12:32Z
65,76,2025-08-21T15:12:32Z
445,145,2025-10-02T15:12:32Z
834,185,2025-10-09T15:12:32Z
770,127,2025-08-01T15:12:32Z
802,220,2025-05-26T15:12:32Z
365,77,2025-09-27T15:12:32Z
385,164,2025-10-14T15:12:32Z
222,76,2025-08-16T15:12:32Z
352,77,2025-09-14T15:12:32Z
799,236,2025-05-16T15:12:32Z
493,49,2025-09-21T15:12:32Z
587,114,2025-08-22T15:12:32Z
68,122,2025-08-06T15:12:32Z
383,259,2025-08-24T15:12:32Z
367,232,2025-10-08T15:12:32Z
539,212,2025-07-10T15:12:32Z
66,62,2025-05-14T15:12:32Z
330,108,2025-09-05T15:12:32Z
436,152,2025-06-28T15:12:32Z
824,165,2025-07-01T15:12:32Z
492,34,2025-10-16T15:12:32Z
333,259,2025-10-21T15:12:32Z
548,277,2025-09-24T15:12:32Z
498,51,2025-10-18T15:12:32Z
630,123,2025-05-29T15:12:32Z
132,34,2025-07-13T15:12:32Z
668,32,2025-10-01T15:12:32Z
673,22,2025-09-05T15:12:32Z
382,226,2025-09-22T15:12:32Z
414,36,2025-10-24T15:12:32Z
982,246,2025-07-19T15:12:32Z
932,12,2025-05-18T15:12:32Z
173,293,2025-10-13T15:12:32Z
28,55,2025-07-25T15:12:32Z
78,186,2025-08-17T15:12:32Z
20,272,2025-07-27T15:12:32Z
870,44,2025-10-01T15:12:32Z
285,66,2025-10-29T15:12:32Z
890,121,2025-10-04T15:12:32Z
382,132,2025-10-02T15:12:32Z
871,125,2025-10-08T15:12:32Z
315,4,2025-09-10T15:12:32Z
658,112,2025-08-05T15:12:32Z
816,181,2025-09-27T15:12:32Z
344,178,2025-05-17T15:12:32Z
312,70,2025-07-01T15:12:32Z
625,74,2025-07-20T15:12:32Z
598,214,2025-07-19T15:12:32Z
764,130,2025-06-10T15:12:32Z
448,158,2025-05-28T15:12:32Z
284,146,2025-06-19T15:12:32Z
637,26,2025-09-08T15:12:32Z
343,292,2025-07-31T15:12:32Z
380,69,2025-06-15T15:12:32Z
783,297,2025-09-27T15:12:32Z
63,162,2025-07-23T15:12:32Z
485,220,2025-09-11T15:12:32Z
715,209,2025-09-27T15:12:32Z
946,236,2025-07-18T15:12:32Z
347,122,2025-06-16T15:12:32Z
131,78,2025-06-18T15:12:32Z
158,161,2025-09-16T15:12:32Z
506,19,2025-09-29T15:12:32Z
84,263,2025-05-26T15:12:32Z
974,106,2025-05-30T15:12:32Z
278,43,2025-05-22T15:12:32Z
513,46,2025-09-04T15:12:32Z
804,90,2025-07-29T15:12:32Z
580,62,2025-06-08T15:12:32Z
807,183,2025-07-23T15:12:32Z
690,104,2025-10-16T15:12:32Z
672,57,2025-05-13T15:12:32Z
24,150,2025-09-14T15:12:32Z
483,172,2025-11-05T15:12:32Z
550,248,2025-07-21T15:12:32Z
570,63,2025-07-31T15:12:32Z
121,48,2025-10-06T15:12:32Z
803,46,2025-06-08T15:12:32Z
407,171,2025-08-16T15:12:32Z
767,39,2025-05-28T15:12:32Z
353,285,2025-09-15T15:12:32Z
613,55,2025-07-12T15:12:32Z
12,271,2025-07-28T15:12:32Z
867,278,2025-05-20T15:12:32Z
720,94,2025-08-24T15:12:32Z
463,82,2025-07-24T15:12:32Z
224,104,2025-09-11T15:12:32Z
979,56,2025-10-10T15:12:32Z
29,121,2025-07-27T15:12:32Z
617,16,2025-06-10T15:12:32Z
200,252,2025-09-08T15:12:32Z
488,65,2025-07-06T15:12:32Z
547,248,2025-08-26T15:12:32Z
817,237,2025-10-15T15:12:32Z
506,149,2025-09-12T15:12:32Z
94,251,2025-07-27T15:12:32Z
671,22,2025-05-21T15:12:32Z
49,74,2025-05-23T15:12:32Z
916,9,2025-09-29T15:12:32Z
874,105,2025-10-07T15:12:32Z
766,91,2025-06-01T15:12:32Z
148,133,2025-09-16T15:12:32Z
310,246,2025-09-01T15:12:32Z
215,178,2025-09-17T15:12:32Z
580,274,2025-07-05T15:12:32Z
211,143,2025-08-01T15:12:32Z
102,276,2025-07-03T15:12:32Z
597,170,2025-11-02T15:12:32Z
928,233,2025-05-19T15:12:32Z
994,9,2025-06-17T15:12:32Z
95,297,2025-10-04T15:12:32Z
325,180,2025-07-05T15:12:32Z
792,233,2025-09-13T15:12:32Z
870,267,2025-08-04T15:12:32Z
193,132,2025-10-19T15:12:32Z
39,247,2025-08-21T15:12:32Z
126,60,2025-08-25T15:12:32Z
122,173,2025-08-26T15:12:32Z
728,235,2025-10-16T15:12:32Z
340,75,2025-07-24T15:12:32Z
398,137,2025-07-25T15:12:32Z
346,99,2025-08-16T15:12:32Z
758,58,2025-10-18T15:12:32Z
290,147,2025-10-21T15:12:32Z
598,231,2025-06-07T15:12:32Z
539,139,2025-07-20T15:12:32Z
584,81,2025-09-11T15:12:32Z
379,87,2025-06-08T15:12:32Z
444,108,2025-08-09T15:12:32Z
214,60,2025-08-05T15:12:32Z
873,83,2025-07-15T15:12:32Z
160,207,2025-07-26T15:12:32Z
415,262,2025-10-31T15:12:32Z
488,25,2025-05-21T15:12:32Z
114,250,2025-11-05T15:12:32Z
522,3,2025-09-21T15:12:32Z
456,273,2025-11-05T15:12:32Z
419,89,2025-06-06T15:12:32Z
498,203,2025-06-22T15:12:32Z
173,77,2025-07-01T15:12:32Z
892,56,2025-10-02T15:12:32Z
186,88,2025-06-17T15:12:32Z
285,34,2025-08-15T15:12:32Z
198,170,2025-06-04T15:12:32Z
2,90,2025-10-14T15:12:32Z
275,21,2025-06-05T15:12:32Z
